{
    "step": 9,
    "loss": 0.013485475443303585,
    "acc": 0.9955333471298218,
    "val_loss": 0.03476184606552124,
    "val_acc": 0.9897000193595886
}