{
    "step": 9,
    "loss": 0.01581449620425701,
    "acc": 0.994866669178009,
    "val_loss": 0.036963850259780884,
    "val_acc": 0.9879999756813049
}