{
    "step": 9,
    "loss": 0.012870999984443188,
    "acc": 0.9955333471298218,
    "val_loss": 0.03909822553396225,
    "val_acc": 0.987500011920929
}