epoch, loss, categorical_accuracy, precision, recall, ROC, PR, true_positives, true_negatives, false_positives, false_negatives, val_loss, val_categorical_accuracy, val_precision, val_recall, val_ROC, val_PR, val_true_positives, val_true_negatives, val_false_positives, val_false_negatives
1, 0.4965772032737732, 0.8298125267028809, 0.8859037756919861, 0.7680416703224182, 0.98041832447052, 0.8851414918899536, 36866.0, 427252.0, 4748.0, 11134.0, 0.3552027940750122, 0.8755833506584167, 0.9014407992362976, 0.8498333096504211, 0.98869788646698, 0.9295972585678101, 10198.0, 106885.0, 1115.0, 1802.0
