{"loss": 0.23684169352054596, "acc": 0.9139000177383423}