{"loss": 0.03909822553396225, "acc": 0.987500011920929}