{"loss": 0.036963850259780884, "acc": 0.9879999756813049}