{"loss": 0.03476184606552124, "acc": 0.9897000193595886}